{"cameraMode":{"drawMode":0,"name":"Shaded","section":"Shading Mode"},"sceneLighting":true,"audioPlay":false,"sceneViewState":{"m_AlwaysRefresh":false,"showFog":true,"showSkybox":true,"showFlares":true,"showImageEffects":true,"showParticleSystems":true,"showVisualEffectGraphs":true,"m_FxEnabled":true},"in2DMode":false,"pivot":{"x":-4.960788249969482,"y":0.416168212890625,"z":-6.2474565505981449},"rotation":{"x":-0.008384203538298607,"y":0.9841576218605042,"z":-0.17026495933532716,"w":-0.04845811054110527},"size":2.9806623458862306,"orthographic":false}